Mr. Pounce,Mr. Pounce,Cat
Barker,Harley,Dog
Buckeye,Esperanza,Mouse
Jasmine,Alani,Turtle
Barnaby,Lillie,Snake
Baron,Madilynn,Mouse
Hoover,Dahlia,Snake
Hans,Michel,Mouse
Mertle,Mable,Turtle
Barney,Abby,Mouse
Mitzi,Alexandria,Cat
Barkley,Ismael,Dog
Jasper,Alan,Mouse
Hank,Johnathan,Cat
Woody,Mikelo,Cat
Happy,Jacob,Dog
Honey-Bear,Jeremy,Dog
Hooch,Kelton,Dog
Hope,Zoe,Turtle
Waldo,Tomas,Turtle
Bucko,Petras,Turtle
Bizzy,Tamia,Snake
Wolfie,Aleksandr,Dog
Jaguar,Landen,Cat
Hammer,Donavan,Dog
Wrigley,Gabriel,Snake
Jamie,Kadyn,Snake
Mittens,Alexandria,Cat
Wolfgang,Vita,Dog
Mo,Megan,Dog
Jake,Ivan,Dog
Wrinkles,Juanita,Dog
Mocha,Guadalupe,Mouse
Wizard,Symon,Snake
Skyler,Noam,Snake
Wallace,Lilia,Dog
Bitsy,Demetrius,Cat
Abel,Ahmad,Cat
Bits,Anton,Dog
Bucky,Mila,Dog
Woofie,Elias,Dog
Yertle,Mr. Loomis,Turtle
Cupcake,Sophia,Cat
Dash,Yosef,Snake
Rosa,Eliezer,Mouse
Poncho,Zoe,Dog
Freedom,Gabriel,Cat
Goober,Leo,Dog
Cooper,Seymour,Turtle
Bruiser,Philip,Dog
Wags,Paula,Dog
Zena,Emory,Snake
Phantom,Nachi,Mouse
Ashes,Scott,Mouse
Sox,Noah,Snake
Trooper,Lielle,Dog
Genie,Oscar,Snake
Puddles,Johnny,Dog
Julius,Simone,Turtle
Pippy,Alexandre,Turtle
Tinkerbell,Arie,Cat
Garfield,Jon,Cat
Scarlett,Adriel,Snake
Rocco,Iona,Dog
Maxwell,Alyson,Mouse
Nugget,Noni,Mouse
Scooter,Rahel,Dog
Sparkle,Eva,Turtle
Toto,Jezabel,Dog
Midnight,Junior,Cat
Chewie,Judy,Dog
Cujo,Mr. Thompson,Mouse
Teddy,Adela,Mouse
Fancy,Michael,Turtle
Onyx,Rein,Cat
Dallas,Ava,Cat
Wesley,Dov,Dog
Birdy,Lamech,Dog
Tessa,Brynn,Mouse
Chaos,Amit,Dog
Munchkin,Bethanie,Mouse
Mojo,Jasmine,Cat
King,Velma,Dog
Ollie,Elroy,Turtle
Piggy,Joi,Dog
